entry_date,entry_trailing_12m_return,pnl_pct,pnl_dollar
2015-03-02,0.16019272242550286,0.005194218608852719,23.0
2015-03-03,0.16361404218066444,-0.005412719891745632,-24.0
2015-03-04,0.14264775147382935,0.01640080880700978,73.0
2015-03-05,0.14286265942176857,0.013007759014148856,57.0
2015-03-23,0.14991504467542183,-0.01166514181152789,-51.0
2015-03-24,0.1482015748950245,0.06906014177909903,302.0
2015-03-25,0.1260319187649761,0.07681970884658451,343.0
2015-03-26,0.131488586412438,0.0911357968714579,402.0
2015-03-27,0.13647567380979186,0.12126656186840323,540.0
2015-03-30,0.14469699331210295,0.03609778387023077,158.0
2015-03-31,0.12547044923058026,0.05914343983684556,261.0
2015-04-01,0.11410318818270793,0.04327027614698831,199.0
2015-04-02,0.11438217332646827,-0.0726698262243286,-322.0
2015-04-20,0.14792236227469413,0.015025427646786937,65.0
2015-04-21,0.1425699593325962,0.04369942196531795,189.0
2015-04-22,0.1429906898315998,0.028098799002945762,124.0
2015-04-23,0.14855649511030644,0.020322354590049052,87.0
2015-04-24,0.14889247942983164,-0.0067067530064754965,-29.0
2015-04-27,0.153573788612416,-0.03280517741575539,-147.0
2015-04-28,0.15358716276390294,-0.041898148148148184,-181.0
2015-04-29,0.14351722934151478,-0.0960837887067395,-421.99999999999955
2015-04-30,0.12869250741307048,-0.05150214592274682,-228.0
2015-06-22,0.10266797177643294,-0.35353773584905657,-1499.0
2015-06-23,0.1037866332480335,-0.35822992273472254,-1530.0
2015-06-24,0.10241056152683359,-0.3188473158261679,-1372.0
2015-06-29,0.06965375276152685,-0.2234109502831969,-1064.9999999999995
2015-06-30,0.07243998553432918,-0.21678946193346726,-971.0
2015-07-01,0.0738483865691768,-0.2533783783783784,-1125.0
2015-07-02,0.07177744108523676,-0.2577250335871025,-1151.0
2015-07-21,0.09412152478465519,-0.3510912931236799,-1496.0
2015-07-24,0.06765794330639707,-0.2893124574540503,-1275.0
2015-07-27,0.0664396338370361,-0.23864157870582836,-1040.0
2015-07-28,0.07910220623234743,-0.29094727018198785,-1247.0
2015-07-29,0.09121411624237075,-0.32369668246445504,-1366.0
2015-07-30,0.09130753675013703,-0.33196424257066925,-1374.0
2015-08-04,0.1011265107234125,-0.28733962720890827,-1187.0
2015-10-22,0.08674885001988719,-0.17449506810709248,-743.0
2015-10-23,0.08603626749259186,-0.20820414977343182,-872.9999999999995
2015-10-26,0.07509405722389006,-0.19863977485928708,-847.0
2015-10-28,0.07439235212213013,-0.24584406462186836,-1050.0
2015-10-29,0.07540117624894838,-0.24389671361502352,-1039.0
2015-11-02,0.06436193435159465,-0.30059880239520964,-1255.0
2015-11-10,0.04310367550770544,-0.24618232299861176,-1064.0
2015-11-11,0.03798505113955253,-0.19747235387045814,-875.0
2015-11-16,0.02709003227069462,-0.14836138175376434,-670.0
2015-11-17,0.025688218378334682,-0.15099337748344366,-684.0
2015-11-18,0.03598003468258382,-0.2189122094335365,-970.0
2015-11-27,0.029630431801653145,-0.26883957466481734,-1163.0
2015-11-30,0.02753323400087737,-0.2484429065743945,-1077.0
2015-12-02,0.02729108714500894,-0.24774878780882026,-1073.0
2015-12-23,0.012136544260185733,-0.16210374639769454,-675.0
2015-12-24,0.010368611529014471,-0.15846599131693195,-657.0
2015-12-28,0.004819646724972815,-0.14864551979624896,-641.9999999999995
2015-12-29,0.014180625290963533,-0.20211515863689766,-859.9999999999995
2015-12-30,0.012424831996929786,-0.16187134502923983,-692.0
2016-03-11,-0.0007532843062664218,0.2008577555396711,843.0
2016-03-14,0.0041228285449856905,0.2248803827751198,940.0
2016-03-15,-0.010730416810924681,0.22554216867469878,936.0
2016-03-16,-0.002038622494863196,0.16160118606375096,654.0
2016-03-17,-0.007637490056533802,0.04778074217802586,197.0
2016-03-18,0.0008274527672611498,0.06333830104321914,255.0
2016-03-21,-0.006521535761246922,0.047655068078668705,189.00000000000045
2016-03-22,-0.0051170436291538834,0.06450024618414596,262.00000000000045
2016-03-23,-0.00609804066201447,0.0475600693584346,192.00000000000045
2016-03-24,0.00823652689233767,0.0874099826173329,351.99999999999955
2016-03-28,0.011240256813212612,0.10507968127490064,422.00000000000045
2016-03-29,0.018262657079541667,0.05280697257113576,206.0
2016-03-30,0.01040362823822627,0.10148577184588259,403.0
2016-03-31,0.01683813161049552,-0.10078302601667088,-399.00000000000045
2016-04-01,0.02739811305585782,-0.25562160765055564,-989.0
2016-04-18,0.02767620093213763,0.1300853842290306,518.0
2016-06-20,0.0073372533746236535,0.056100342075256604,246.0
2016-06-21,0.0050469368911223444,0.12359292441994008,538.0
2016-06-22,0.002698376475246622,0.09135039717563997,414.0
2016-06-23,0.023187066918670673,0.035042933395219356,151.0
2016-06-24,-0.010546746334958113,0.2029552368535419,934.0
2016-06-28,0.010640532305778105,0.30096858020316564,1274.0
2016-06-29,0.02570219750675662,0.1904875148632581,801.0
2016-06-30,0.03143185772228252,0.10156833457804337,408.0
2016-07-01,0.03454498928479466,0.11213786213786214,449.0
2016-07-05,0.030034653879517315,0.17110453648915191,694.0
2016-07-06,0.029737394189465416,0.10960591133004915,445.0
2016-07-07,0.04665874073452336,0.14402578086266726,580.9999999999995
2016-07-08,0.06032585010894986,0.06164383561643838,243.0
2016-07-11,0.050833670047850665,0.015365551425030821,62.0
2016-07-12,0.04691163154146527,-0.001958384332925278,-7.999999999999545
2016-07-13,0.04224392469499261,0.006867794947265082,27.999999999999545
2016-07-14,0.04841156743130193,-0.04867364322219514,-199.99999999999955
2016-09-26,0.13483595892279543,0.28124223602484477,1132.0
2016-10-24,0.05786284820272236,0.24152756702073863,955.0
2016-10-25,0.05691622335294699,0.24961518727552612,973.0000000000005
2016-10-26,0.05683618822471703,0.302101797923525,1193.0
2016-10-27,0.04216344964144603,0.30714285714285716,1290.0
2016-10-28,0.03968019948159207,0.36089854356948914,1462.0
2016-10-31,0.044229703087580896,0.34788902291917956,1442.0
2016-11-01,0.024542594430284836,0.3456730769230767,1438.0
2016-11-02,0.015432378253131596,0.36766438840443083,1560.0
2016-11-03,0.013859551050794172,0.37746220797068264,1648.0
2016-11-09,0.05983486308958019,0.25581959262851584,1055.0
2016-11-10,0.06667361201621036,0.2363201911589008,989.0
2016-11-11,0.07928126533713242,0.29930624380574833,1208.0
2016-11-14,0.09239477757218495,0.31409168081494077,1295.0
2016-11-15,0.08442803043481506,0.31072319201995025,1246.0
2016-11-16,0.08318118330967872,0.3078052361145096,1258.0000000000005
2016-11-18,0.07027001209268602,0.3543640897755611,1421.0
2016-11-23,0.07691525112293918,0.3894144720020456,1523.0
2016-11-28,0.0747634127197716,0.352823588205897,1411.9999999999995
2016-12-21,0.13325946671830957,0.14665304036791005,574.0
2017-01-23,0.21250445082995228,0.16394279877425944,642.0000000000005
2017-01-24,0.2390083098516953,0.1789072426937739,704.0
2017-01-25,0.23291146549418928,0.0755711775043939,301.0
2017-01-26,0.24517409655883604,0.1814853556485354,694.0
2017-01-27,0.23677684427967716,0.1978816843192972,766.0
2017-01-30,0.19985760277307496,0.22932521562658548,904.0
2017-01-31,0.20018595874787537,0.22922490470139767,902.0
2017-02-01,0.22269591937516653,0.22320975114271202,878.9999999999995
2017-02-02,0.21621081875692894,0.23041825095057034,908.9999999999995
2017-02-03,0.22267652106666946,0.2249744637385087,881.0000000000005
2017-02-06,0.2441933543668131,0.22754793138244178,902.0
2017-02-07,0.2612250485968568,0.22707862346144192,904.0
2017-02-08,0.2628091680667244,0.2577504483730464,1006.0
2017-02-09,0.2713985248408124,0.2152830667682153,848.0
2017-02-13,0.27401015354764,0.16333248923778165,645.0
2017-02-14,0.25786929131482883,0.12648621300278262,500.0
2017-02-15,0.2441139024285519,0.08270124785906541,338.00000000000045
2017-02-16,0.2481670420824662,0.12016848364717547,485.0
2017-02-17,0.2507206618743192,0.11486998232769485,455.0
2017-02-21,0.24021142600713663,-0.014077425842131785,-56.0
2017-02-22,0.2549598044461685,-0.0030067652217489194,-11.999999999999545
2017-02-23,0.2500899949893549,0.035625311410064864,143.0
2017-02-24,0.236697238076929,0.057015369360436274,229.99999999999955
2017-02-28,0.24792266428031762,0.08388037928519321,345.0
2017-03-01,0.2363283413655024,0.03789166869079419,156.0
2017-03-22,0.1689419572586328,0.1845223700120917,763.0
2017-04-24,0.15838847054681104,0.24067883774749288,936.0
2017-04-25,0.1671394839447189,0.1985275450621986,782.0
2017-04-26,0.1646746958203591,0.19811320754716988,777.0
2017-04-27,0.1632580198417768,0.17875253549695747,705.0
2017-04-28,0.1713535294579822,0.21856518385188983,850.0
2017-05-01,0.180679281094132,0.1996879875195008,768.0
2017-05-02,0.17181077144734402,0.19639685359045944,774.0000000000005
2017-05-03,0.1806630194255987,0.20342011230219503,797.0
2017-05-04,0.18867953046461827,0.19385162601626016,763.0
2017-05-05,0.1935925051753684,0.16662484316185688,664.0
2017-05-08,0.1890427978569511,0.18608876200363356,717.0
2017-05-09,0.1869704869840756,0.18694210660545774,733.0
2017-05-10,0.17449860675287288,0.17532795156407666,695.0
2017-05-11,0.18316773715093615,0.2017364657814098,790.0000000000005
2017-05-12,0.18084730476380328,0.19367787255393876,772.0
2017-05-15,0.19780764429092468,0.17956656346749233,696.0
2017-05-16,0.18502039553442962,0.08957860206913937,354.99999999999955
2017-05-17,0.17496035648733654,0.1730232558139535,744.0
2017-05-18,0.1793482484124731,0.21826333176026425,925.0
2017-05-19,0.1911460233811435,0.18670886075949378,767.0
2017-05-22,0.18967809045919926,0.17824310520939757,698.0000000000005
2017-05-23,0.19393743404704367,0.07009581442259205,278.00000000000045
2017-05-24,0.18140923915726792,0.054139290407358764,206.00000000000045
2017-05-25,0.17905798056530742,0.02829447209850655,108.0
2017-05-26,0.17847672509208046,0.09024326445200104,345.00000000000045
2017-05-30,0.17241188063545154,0.06870818322182193,267.0
2017-05-31,0.17435512498542538,0.06002554278416361,235.0
2017-06-01,0.1812731237883889,0.02269796234201693,87.99999999999955
2017-06-20,0.19292298333426783,0.13158558104360973,522.0
2017-06-21,0.18925342119653976,0.12894201424211604,507.0
2017-07-24,0.15925483702133314,0.2086349534643226,807.0
2017-07-25,0.1652379428087163,0.19760631525337402,775.9999999999995
2017-07-26,0.16474699800694692,0.1997961264016308,784.0
2017-07-27,0.16490044228852385,0.23874104401228236,933.0
2017-07-28,0.16219225866601183,0.20916833667334678,835.0
2017-07-31,0.15966122971401253,0.22722593926917134,883.0
2017-08-01,0.16321006371217006,0.20015376729882095,780.9999999999995
2017-08-02,0.17127886606358134,0.20260270477162545,794.0
2017-08-03,0.16560050074767618,0.2430676992255807,973.0
2017-08-10,0.14277902532430287,0.3055307760927741,1370.0
2017-08-23,0.13956527053249457,0.34164588528678297,1370.0
2017-08-25,0.14621328328734617,0.3314243027888446,1331.0000000000005
2017-08-28,0.14842350489165201,0.36406560636182905,1465.0
2017-09-01,0.1632428607938614,0.3763693270735524,1442.9999999999995
2017-09-12,0.17931195972865033,0.3202730030333669,1267.0
2017-09-13,0.197086031131549,0.3477600607441156,1374.0
2017-09-14,0.19715255052283798,0.37556904400606994,1485.0
2017-09-15,0.18690338734041023,0.39321608040201017,1565.0000000000005
2017-09-18,0.19404399352424462,0.39195724102825147,1540.0
2017-09-19,0.1950151450063431,0.39324701700939335,1549.0
2017-09-20,0.1953893817549872,0.36552440290758037,1407.9999999999995
2017-09-21,0.17892853504900907,0.4205535622757559,1640.9999999999995
2017-09-22,0.1717813286687142,0.4568123393316197,1777.0
2017-09-25,0.1758279913192562,0.4310954063604242,1708.0000000000005
2017-09-26,0.1861473050825886,0.43208936278243204,1702.0
2017-09-27,0.18341984303655767,0.4344198174706648,1666.0
2017-09-28,0.178987160758169,0.41421188630490935,1602.9999999999995
2017-09-29,0.19393381829202982,0.3872966692486446,1500.0000000000005
2017-10-02,0.1901322219959074,0.3691868017666926,1421.0
2017-10-03,0.19555424497006446,0.3516483516483515,1375.9999999999995
2017-10-04,0.20310572317053488,0.3068527918781727,1209.0
2017-10-05,0.20490219132219312,0.3297269448737763,1280.0
2017-10-09,0.20483970966029208,0.4088329632371084,1657.0
2017-10-23,0.22110677086138275,0.5132185301964589,2116.0
2017-10-25,0.21611693806040688,0.5175963610246588,2162.0
2017-10-26,0.22013852449892246,0.5202241715399611,2135.0
2017-10-30,0.2324522022771005,0.5202617669267557,2067.0000000000005
2017-10-31,0.23431385436869556,0.5180168668540761,2026.9999999999995
2017-11-01,0.24496621598629664,0.5099135739705134,2005.9999999999995
2017-11-02,0.25299079482346176,0.5022761760242791,1986.0
2017-10-24,0.21807215079027076,0.5360576923076923,2230.0
2017-10-27,0.23340387139871632,0.5338705615713926,2120.0
2017-11-03,0.26295500022588025,0.5269552012148824,2082.0
2017-11-09,0.21727615386146937,0.5110892065056678,2074.0
2017-11-10,0.21386865937327992,0.5103030303030303,2105.0
2017-11-15,0.19859366403200007,0.5266604303086999,2252.0
2017-11-29,0.21328105224753946,0.5,2029.0
2017-12-14,0.19991000471874787,0.2014371257485028,841.0
2018-01-02,0.2257652694132961,-0.1744099378881988,-702.0000000000005
2018-01-22,0.2709969725346937,-0.3007874015748032,-1337.0
2018-01-23,0.2770177352944776,-0.3459483526268923,-1554.0
2018-01-24,0.2683892043203968,-0.3917571460226015,-1768.0
2018-01-25,0.25803769699236634,-0.3954777211261361,-1784.0
2018-02-02,0.23284550004433946,-0.26677380474085977,-1328.0
2018-02-05,0.1731977812603558,-0.044242424242424305,-292.0
2018-02-06,0.1984543624649362,-0.14992577931716977,-909.0
2018-02-07,0.19190096957653568,-0.06507018992568125,-394.0
2018-02-08,0.14569313151165053,0.07774968394437431,492.0
2018-02-09,0.1560445728736124,0.03896323903100107,230.0
2018-02-12,0.16840989738252743,0.03007652607225486,169.0
2018-02-13,0.16497551504424157,0.021494009866102948,122.0
2018-02-14,0.17599986062768225,0.024299431706839236,124.0
2018-02-15,0.1848207603687242,-0.04117304330938054,-212.0
2018-02-16,0.18617714582556455,-0.08494582043343657,-439.0
2018-02-20,0.17689538399646199,-0.020144431774990368,-106.0
2018-02-21,0.16410890893564645,-0.002386160270431481,-12.0
2018-02-22,0.16665372453336902,-0.02969329947255317,-152.0
2018-02-23,0.1844472719788517,-0.08820594691678307,-442.0
2018-02-26,0.19668339472065322,-0.15253886010362694,-736.0
2018-02-27,0.17989623369554963,-0.06796307208799834,-346.0
2018-02-28,0.1711052088065499,-0.02650555447281233,-136.0
2018-03-01,0.13814532866376728,0.006697674418604693,36.0
2018-03-02,0.15126197430558985,-0.03378378378378388,-170.0
2018-03-05,0.16383594737879004,-0.031274281274281224,-161.0
2018-03-06,0.17027099870133866,-0.08007047768206732,-409.0
2018-03-07,0.1733470527069958,-0.02048857368006307,-104.0
2018-03-08,0.18121761497823607,-0.027400040592652775,-135.0
2018-03-09,0.2002513480434469,-0.1085953878406708,-518.0
2018-03-12,0.19455898443907182,-0.06394530464508341,-318.0
2018-03-13,0.18624015555742335,-0.031536926147704536,-158.0
2018-03-14,0.18468664989609418,0.01092675030352086,54.0
2018-03-15,0.17324306669550227,0.021818181818181737,108.0
2018-03-16,0.17682964233056064,0.01346938775510198,66.0
2018-03-19,0.1629490200073489,0.06815075180628782,349.0
2018-03-20,0.16620611228533977,0.08622707764338666,442.0
2018-03-21,0.17910708753809068,0.07967145790554397,388.0
2018-03-22,0.1469337382017517,0.20488363220144978,1074.0
2018-03-23,0.12368649067350734,0.25955734406438635,1419.0
2018-04-02,0.11043782056466545,0.2512373787368838,1269.0
2018-05-02,0.12336000212846665,0.38797196472982143,1716.0
2018-05-03,0.12224741811958828,0.34891035722309605,1553.0
2018-05-07,0.13481761627160815,0.2672566371681415,1208.0
2018-05-08,0.13500657586570508,0.3111849390919159,1405.0
2018-05-09,0.14703038011477543,0.28323038206360107,1238.0
2018-05-10,0.15568031890618594,0.2630018248175181,1153.0
2018-05-14,0.16407768038303994,0.24914520173239119,1093.0
2018-05-15,0.14971114906338334,0.277898866608544,1275.0
2018-05-16,0.15560374677117794,0.19909502262443435,880.0
2018-05-17,0.17548497213523184,0.18343195266272194,806.0
2018-05-18,0.1678414428976185,0.25355610747347046,1123.0
2018-05-21,0.16901842711251036,0.170140462165836,751.0
2018-05-22,0.159879159869049,0.22884012539184972,1022.0
2018-05-23,0.1605025726704563,0.2495921696574226,1071.0
2018-05-24,0.15542972371379804,0.2408088235294117,1048.0
2018-05-25,0.1471939008828127,0.28976882581826513,1266.0
2018-05-29,0.1342340049140478,0.318096821109495,1531.0
2018-05-30,0.15036976433632043,0.2571922993727018,1189.0
2018-05-31,0.1436069924324337,0.3416996917657418,1552.0
2018-06-01,0.14572345487999505,0.34066183136899375,1503.0
2018-06-04,0.14734830010649902,0.3230057803468207,1397.0
2018-06-05,0.1490300315179789,0.3139853747714809,1374.0
2018-06-06,0.16235159247195208,0.27395979429640005,1172.0
2018-06-07,0.16008034749065336,0.2834424695977551,1212.0
2018-06-13,0.15860871519576003,0.19335893381522462,856.0
2018-06-27,0.13697720627386478,0.42793556591776194,2019.0
2018-07-27,0.1597179844502754,-0.17135724012709952,-755.0
2018-07-30,0.1550154542561093,-0.16110986797941362,-720.0
2018-07-31,0.16136720279826178,-0.37925519762394333,-1660.0
2018-08-01,0.1568486297006937,-0.3550919694930462,-1583.0
2018-08-06,0.17199186709239367,-0.403728120027279,-1776.0
2018-08-07,0.17367991425917495,-0.42915811088295686,-1881.0
2018-08-08,0.17608074672084917,-0.42283737024221457,-1833.0
2018-08-09,0.1745219953511694,-0.42243767313019387,-1830.0
2018-08-10,0.18335590441324978,-0.3672798948751642,-1677.0
2018-08-13,0.17718772773423974,-0.33508624316365165,-1593.0
2018-08-14,0.173069666576116,-0.3781624500665779,-1704.0
2018-08-15,0.16445155210569196,-0.33086367485182056,-1563.0
2018-08-16,0.17183002411985449,-0.38363396392432914,-1744.0
2018-08-17,0.19457977762692913,-0.3998228912995351,-1806.0
2018-08-20,0.19901018865877274,-0.4145089285714285,-1857.0
2018-08-21,0.2008822565786934,-0.4187901617549302,-1890.0
2018-08-22,0.18774871342123234,-0.43149284253578735,-1899.0
2018-08-23,0.19044057123095337,-0.41188340807174884,-1837.0
2018-08-24,0.20040285462483687,-0.46376811594202905,-2016.0
2018-08-27,0.20706004520301557,-0.4887892376681614,-2180.0
2018-08-28,0.20759349720864906,-0.49027498323272967,-2193.0
2018-09-04,0.19120847342640324,-0.4888157894736842,-2229.0
2018-09-05,0.196596041499717,-0.4708716600963644,-2150.0
2018-09-06,0.18893625635498057,-0.43917040838144117,-2054.0
2018-09-11,0.1815533961532716,-0.44900173611111105,-2069.0
2018-09-12,0.17786922559135143,-0.4468409586056644,-2051.0
2018-09-17,0.17699309686907894,-0.4581732821169441,-2147.0
2018-09-20,0.1900856265100832,-0.5392929520378293,-2395.0
2018-09-21,0.19219197038891034,-0.535527809307605,-2359.0
2018-09-28,0.18245587463488144,-0.5114889705882353,-2226.0
2018-11-08,0.10231601063556539,-0.3146044205742615,-1523.0
2018-11-28,0.06361729971172259,-0.2168132103795839,-1010.9999999999995
2018-12-03,0.07539624053386795,-0.31113561190738703,-1411.0
2019-02-04,-0.015818274230984697,0.38434706780030536,1763.0
2019-02-05,0.010300931047501516,0.3630060389174681,1623.0
2019-02-06,0.05300858772987915,0.43692376883292106,1943.0
2019-02-12,0.06809339550426574,0.24527011625256456,1076.0
2019-02-13,0.0560538847063905,0.2609871534820827,1158.0
2019-02-14,0.05109681478486827,0.09667541557305337,442.0
2019-02-15,0.0484016369025575,0.09879627526686363,435.0
2019-02-19,0.03698354092580214,0.13055303717135103,576.0
2019-02-20,0.0387692925542753,0.16740498950804383,718.0
2019-02-21,0.04159704172540368,0.15820266791481408,676.0
2019-02-22,0.05329457717949104,0.08154100685417154,345.0
2019-02-25,0.053363442536098926,0.11760675953414013,515.0
2019-02-26,0.03609465519140298,0.10757062146892649,476.0
2019-02-27,0.023761391544631305,0.0163860830527498,73.0
2019-02-28,0.03477592085000425,0.057032492615314734,251.0
2019-03-01,0.05189242079558776,-0.03809075946390794,-162.00000000000045
2019-03-04,0.0635302467935821,-0.06857413100023646,-290.0
2019-03-05,0.056637056353703086,-0.04028710349617959,-174.0
2019-03-06,0.03823693774711012,-0.08323699421965325,-360.0
2019-03-07,0.026948496027852986,-0.040959493097985855,-181.0
2019-03-21,0.07124518050672979,0.04089740593596636,175.0
2019-03-26,0.11053611479432335,0.2713797035347776,1190.0
2019-04-01,0.10725908018137909,0.05673258003766479,241.0
2019-04-02,0.1322400061905875,0.09701138519924113,409.0
2019-04-03,0.11967163436549733,0.1195190947666196,507.0
2019-04-04,0.11075806185103332,0.1453011483477853,620.0
2019-04-09,0.12216071522589123,0.18931500775881172,854.0
2019-04-17,0.0920661385094903,0.22820881226053635,953.0
2019-05-01,0.12461221295555891,0.18159090909090914,799.0
2019-05-29,0.04232431517521418,0.5047446904654316,2233.999999999999
2019-05-02,0.12019402326966522,0.19350380096751918,840.0
2019-05-06,0.13662636778917192,0.054855923159018216,257.0
2019-05-07,0.10336071315313022,0.07391640866873073,382.0
2019-05-08,0.09811271358895368,0.04834068674467673,252.0
2019-05-09,0.09478972593738688,-0.11691236691236695,-571.0
2019-05-10,0.08975577265561574,-0.05668789808917196,-267.0
2019-05-13,0.052528212744544334,0.10596833130328864,522.0
2019-05-14,0.058816290108621105,0.16825331125827825,813.0
2019-05-15,0.06451154644042312,0.09645753307725147,452.0
2019-05-16,0.0818203356994267,-0.03138405960713486,-139.0
2019-05-17,0.07032501822327553,0.1097480832420592,501.0
2019-05-20,0.06414731794754558,-0.04267638859103584,-199.0
2019-05-21,0.07643246938648329,-0.07515372352539273,-330.0
2019-05-22,0.06511833524114663,0.039808917197452276,175.0
2019-05-23,0.05503712605170685,0.1884538818845387,852.0
2019-05-24,0.05452925473879855,0.10778577857785776,479.0
2019-05-28,0.04686569619398995,0.2335158817086529,1066.0
2019-05-30,0.05733163850805534,0.10070827799911464,455.0
2019-06-04,0.04522051580930264,0.15464149247021797,688.0
2019-06-05,0.04928895292773294,0.1820708825573314,786.0
2019-06-06,0.05534432626996866,0.13685419058553383,596.0
2019-06-27,0.09449827508548836,0.09328274938629777,418.0
2019-07-03,0.12083454747368116,-0.13577274915743864,-564.0
2019-07-15,0.09782251853942747,-0.3063145809414466,-1334.0
2019-07-30,0.08971669045148878,-0.059343728182452815,-255.0
2019-07-31,0.08345355037597235,0.012748825766047966,57.0
2019-08-05,0.0249436743501128,0.34536474164133724,1817.999999999999
2019-08-06,0.03488185828313406,0.30160340978282907,1486.0
2019-08-07,0.03170900916641384,0.2681598062953996,1329.0
2019-08-08,0.048489029055454935,0.2151137827393732,1002.0
2019-08-09,0.04178549665314257,0.2764244426094138,1339.0
2019-08-12,0.0305110769562722,0.33689085783326633,1673.0
2019-08-13,0.053596467053716346,0.2553327645051193,1197.0
2019-08-14,0.02628576290138307,0.4348254782094263,2205.000000000001
2019-08-15,0.022473348480132938,0.4401536595228468,2177.0
2019-08-16,0.04536625756756285,0.3604188481675392,1720.999999999999
2019-08-19,0.049468760644280296,0.31841990397206454,1459.0
2019-08-20,0.03777333353780454,0.3824630975985899,1736.0
2019-08-21,0.043982163541357755,0.327027027027027,1452.0
2019-08-22,0.04121900558021996,0.3792423910663456,1732.0
2019-08-23,0.015075172182847707,0.4781364936657133,2340.0
2019-08-26,0.027664936101038595,0.44488683989941324,2123.0
2019-08-27,0.017508845531441386,0.4613593055261487,2179.0
2019-08-28,0.01664723489474551,0.40096923725242295,1902.999999999999
2019-08-29,0.029135594096271644,0.34951245937161435,1613.0
2019-08-30,0.023172951864151026,0.39462636439966414,1880.0
2019-09-03,0.021325006693664994,0.4490518858095438,2155.000000000001
2019-10-02,0.007041261514018071,0.5196036191296856,2412.000000000001
2019-09-04,0.03288197871044818,0.4189218445550986,1935.000000000001
2019-09-05,0.04796484424448133,0.33760585946440824,1475.0
2019-09-06,0.05160465380564783,0.23835005574136003,1069.0
2019-09-09,0.05530982217126046,0.19694930462090632,878.0
2019-09-10,0.05711656174764235,0.24125560538116586,1076.0
2019-09-11,0.06278587951131032,0.20513392857142865,919.0
2019-09-12,0.06296230925221069,0.25342778793418663,1109.0
2019-09-16,0.05249445942248321,0.2548314606741573,1134.0
2019-10-03,0.015884304358850576,0.5103681760473973,2412.0
2019-10-01,0.028712085261596076,0.5208333333333335,2350.0
2019-09-23,0.04064546538749547,0.39046133273902384,1752.0
2019-09-24,0.03342462710992655,0.4360189573459714,2024.0
2019-09-27,0.03929267255097524,0.5021862702229993,2296.999999999999
2019-11-04,0.1461299937155045,0.5240963855421688,2175.0
2019-11-06,0.14562551776052413,0.5237292218742473,2174.0
2019-11-07,0.14242560502914103,0.5186612087647484,2154.0
2019-11-08,0.12123835122542115,0.5126130414088528,2154.0
2019-11-11,0.12113213580742954,0.5082834790612056,2209.0
2019-11-12,0.1345779883264595,0.5052459780834693,2167.0
2019-11-13,0.1565555098078697,0.5143253234750462,2226.000000000001
2019-11-14,0.16041054883324835,0.5111828452847593,2217.000000000001
2019-11-21,0.19807551076398178,0.5029103608847496,2160.0
2019-12-03,0.14529775679287615,0.5142408611796365,2293.0
2019-11-20,0.1777982900540862,0.5050644567219154,2194.0
2019-11-22,0.1966619396754179,0.5096108766994845,2174.000000000001
2019-12-04,0.1373045936269668,0.5016077170418005,2184.0
2019-11-15,0.17685370969314818,0.5022358201929864,2134.0
2019-11-18,0.16555740495016003,0.5477975632614809,2338.0
2019-11-19,0.162198962894041,0.5463560885608856,2369.0
2019-11-25,0.2140447040311837,0.5475956820412169,2232.0
2019-11-26,0.19746287333212464,0.5127098321342924,2138.0
2019-11-29,0.16744105652893726,0.5001170686022007,2135.999999999999
2019-12-02,0.16005878306742205,0.5421040875586332,2427.000000000001
2019-12-05,0.17750362124316155,0.5448354143019296,2400.0
2019-11-27,0.19876754558756238,0.5035971223021583,2100.0
2019-12-06,0.19006471982475248,-0.3297297297297297,-1464.0
2019-12-09,0.21454396037785872,-0.29431721798134003,-1388.0
2019-12-10,0.21089251862834968,-0.29610829103214886,-1400.0
2019-12-11,0.21405412341542607,-0.3117672600955276,-1436.0
2019-12-12,0.2183837802260593,-0.3547252747252747,-1614.0
2019-12-13,0.2195263118733548,-0.36336611022181564,-1589.0
2019-12-16,0.2510037085965495,-0.40055826936496863,-1722.0
2019-12-17,0.27631730019572,-0.3963457484188334,-1692.0
2019-12-18,0.2777982726749053,-0.40139372822299646,-1728.0
2019-12-19,0.30254248972863484,-0.4216366158113731,-1824.0
2019-12-20,0.32990165922016446,-0.44401190748797803,-1939.0
2019-12-23,0.35979491566450883,-0.450280112044818,-1929.0
2019-12-30,0.3205244214297518,-0.43112582781456954,-1953.0
2020-01-31,0.21447127921704823,-0.39498495486459384,-1969.0
2020-02-03,0.22290361824555327,-0.406749902458057,-2085.0
2020-02-05,0.24190027814070048,-0.5511860174781523,-2649.0
2020-02-06,0.24772402077294298,-0.5560874089490114,-2672.0
2020-02-07,0.2530185665323825,-0.5400704079519569,-2608.0
2020-02-10,0.26083269865543635,-0.5768267223382046,-2763.0
2020-02-11,0.26231772341137205,-0.5798092868988391,-2797.0
2020-02-12,0.2543208782213575,-0.6133108677337826,-2912.0
2020-02-13,0.24892758386039704,-0.610934520025429,-2883.0
2020-02-14,0.2537094641423414,-0.6193604905825668,-2828.0
2020-02-18,0.23699820667450822,-0.5929595278246206,-2813.0
2020-02-19,0.24076585634477898,-0.6164790826077724,-2903.0
2020-02-20,0.23318286831782054,-0.5948384389425094,-2835.0
2020-02-21,0.22483898475552944,-0.538552787663108,-2724.0
2020-02-24,0.17691957633037703,-0.3647590885371369,-2096.9999999999995
2020-03-02,0.1231109556540051,-0.3769345981028458,-2265.0
2020-03-04,0.1425140616473517,-0.43176883247035236,-2584.9999999999995
2020-05-26,0.07925203845709028,0.5425057921939047,3044.0
2020-05-27,0.10559322679797711,0.5116810117688391,2913.0
2020-05-28,0.11100903240720283,0.5077084793272602,2898.0
2020-06-01,0.1326818007983539,0.5037128712871286,2849.0
2020-06-26,0.049878750306368236,0.5017383059418457,3175.0
2020-05-29,0.1129197111268796,0.5086101930770568,2924.0
2020-06-02,0.14497182831963085,0.5082357247437774,2777.0
2020-06-04,0.1228510312393456,0.5098612125639155,2792.0
2020-06-11,0.06367177258576695,0.5022266915673035,3496.0
2020-06-29,0.059856296327405856,0.5442910070730886,3232.0
2020-06-03,0.13556035369126107,0.5161114145275807,2835.0
2020-06-12,0.07198662797643496,0.5204449789536982,3462.0
2020-06-24,0.06672346519101513,0.519424237734097,3356.0
2020-06-25,0.07923525097783579,0.5062207141703021,3133.0
2020-06-30,0.06377464718260639,0.5214093054619016,3093.0
2020-07-01,0.06844340420329065,0.5089192025183631,2910.0
2020-06-15,0.08319106474214655,0.5446111025204885,3522.0
2020-06-19,0.06919624734318885,0.5483769303498267,3480.0
2020-06-22,0.0776217593702817,0.5022868343678537,3075.0
2020-07-02,0.06580630294031375,0.5477512990503492,3057.0
2020-06-18,0.08561529421611191,0.5237436606731214,3408.000000000001
2020-06-23,0.08391002192408958,0.5263675073698002,3214.0
2020-07-07,0.07824194734264878,0.502698282910875,3074.0
2020-06-05,0.14418880636329767,0.47524928774928776,2669.0
2020-06-08,0.14654571895924962,0.4499912418987564,2569.0
2020-06-16,0.10362060690165009,0.5181050090525046,3434.0
2020-06-17,0.08764734747678071,0.5298102981029811,3519.0
2020-07-08,0.08513656470494535,0.5034113060428849,3099.0
2020-07-09,0.07382782623440365,0.528906882591093,3266.0
2020-06-09,0.13279793594802825,0.5185125821445744,3235.0
2020-06-10,0.1267497832468465,0.5691576532284497,3473.0
2020-07-06,0.08349224344428197,0.5658528750401541,3523.0
2020-07-10,0.08225564835433441,0.5584436551501453,3459.0
2020-07-13,0.06810236411901482,0.550950172078408,3682.0
2020-07-14,0.08158396914563593,0.5461015852474926,3376.0
2020-08-17,0.19319891527551225,0.2103361040838454,1164.0
2020-08-18,0.1815413396469827,0.2441775836972342,1342.0
2020-08-19,0.18570777052184217,0.2063852058618285,1183.000000000001
2020-08-21,0.18435118866768896,0.3254106955609928,1862.0
2020-09-21,0.11738283724071286,0.5009171252292814,3004.0
2020-09-23,0.11156655307513241,0.564956695536309,3392.0
2020-09-24,0.10797627084947892,0.5601611008558482,3338.0
2020-08-24,0.2278942156407977,0.23533684401670607,1296.0
2020-08-25,0.2187132559983489,0.1257668711656441,697.0
2020-08-26,0.23578069132151613,0.07956661587946501,470.0
2020-08-27,0.22982282324815384,0.015643598027546224,92.0
2020-08-28,0.22215637713674763,0.03351480095270487,197.0
2020-08-31,0.2182702087365933,0.13374154044473086,830.0
2020-09-25,0.12823915249357576,0.5007808433107754,2886.0
2020-09-01,0.23697744983272084,0.07624256072060476,474.0
2020-09-02,0.24078538504531166,-0.003753518923991117,-24.0
2020-09-03,0.18287824896103588,0.1558069597594156,1087.999999999999
2020-09-04,0.17231519081740077,0.25664756867930083,1747.000000000001
2020-09-22,0.1290278161213647,0.5091379310344828,2953.0
2020-09-08,0.1397109004317203,0.41914289980588326,2807.0
2020-09-18,0.12461964262682623,0.5082191780821919,2968.0
2020-09-09,0.16248955011327548,0.33676447995083736,2192.0
2020-09-10,0.13423928269969432,0.46169386169386195,2971.000000000001
2020-09-11,0.13089964098990903,0.5025573337733047,3046.0
2020-09-29,0.1416160161774831,0.5180640763462849,3040.0
2020-09-30,0.1641183973442153,0.5114543561263452,2947.0
2020-10-02,0.17173673379010324,0.5004258218361437,2938.0
2020-10-30,0.09733485928239283,0.5241793669402113,3577.000000000001
2020-11-02,0.09944945194439825,0.5132905591200736,3360.000000000001
2020-09-14,0.14655554962490625,0.45192307692307687,2679.0
2020-09-28,0.15319131339646375,0.5126266964439099,2984.0
2020-10-28,0.09817282727504217,0.5107874123952179,3717.0
2020-10-29,0.10594185447321824,0.5010011441647597,3503.0
2020-09-15,0.1559188991474736,0.3555224374896506,2147.0
2020-09-16,0.14842413714932334,0.37677764764932253,2252.0
2020-09-17,0.1376423555206825,0.4234478091693452,2503.0
2020-10-01,0.19266029251898353,0.5010252904989747,2932.0
2020-10-27,0.13669797687303187,0.5407877268033632,3665.999999999999
2020-10-15,0.18706424094734864,0.4198278610137074,2634.0
2020-10-16,0.18285884577579536,0.4595249636451768,2844.0
2020-11-20,0.1673746613237097,0.5121567255553612,2928.0
2020-11-18,0.164266487336737,0.5099690615331729,2967.0
2020-11-23,0.17176652206349874,0.5006045949214026,2898.0
2020-11-19,0.1735330728899407,0.531384350816853,3090.0
2020-11-24,0.18149129879907933,0.3485704200494175,1975.0
2020-11-25,0.17700297233897344,0.4639712488769092,2582.0
2020-11-27,0.17504315933320447,0.2783764367816093,1550.000000000001
2020-11-30,0.1741961045118703,0.2488376418076994,1338.000000000001
2020-12-01,0.19720862083111212,0.36816750046322033,1987.0
2020-12-02,0.20782763965989104,0.2963159759121501,1673.0
2020-12-03,0.20009378314860382,0.18902223791034256,1071.0
2020-12-04,0.20826283798350587,0.07565385290503768,431.0
2020-12-07,0.19486613603127134,0.17608318890814556,1016.0
2020-12-08,0.2021422158087629,0.15054696996006256,867.0000000000009
2020-12-09,0.19269036462783684,0.2632642748863063,1563.0
2020-12-10,0.18892522254333777,0.3306164034640855,1947.0
2020-12-11,0.17738291133930617,0.3719532554257097,2228.0
2020-12-14,0.17140990384082988,0.38610223642172525,2417.0
2020-12-15,0.17914646708315463,0.3736410771031944,2234.0
2020-12-16,0.1807378582700616,0.36546859254282826,2176.0
2020-12-17,0.18726679417067116,0.35970721505751113,2064.0
2020-12-18,0.1776982717165414,0.2693103448275862,1562.0
2020-12-21,0.16836469332567994,0.2528368227585105,1582.0
2020-12-22,0.16461636332005658,0.3354504429216114,2007.000000000001
2020-12-23,0.16562696331007598,0.29623957801599454,1741.000000000001
2020-12-24,0.16396556972802445,0.24430604982206416,1373.000000000001
2020-12-28,0.17425625412470103,0.22381035384347214,1283.999999999999
2020-12-29,0.17851279255055164,0.31660553517839274,1899.0
2020-12-30,0.177334150471943,0.3387323943661973,1924.000000000001
2020-12-31,0.1723527775197904,0.2705305550691648,1545.0
2021-01-04,0.16521526974167178,0.3193624557260921,2163.999999999999
2021-01-05,0.1687818337516951,0.37293209390263127,2367.0
2021-01-06,0.1790843075706372,0.40530479292694266,2613.0
2021-01-12,0.17653136816151527,0.42170040485829974,2604.0
2021-01-14,0.17470855507204086,0.46218760142810766,2848.0
2021-01-15,0.1565216139900445,0.519074221867518,3252.0
2021-01-29,0.1504547340289193,0.5134529147982063,3664.0
2021-03-04,0.2265383174669171,0.5206498633464927,3429.0
2021-01-27,0.1667594945503903,0.5023765513599157,3805.000000000001
2021-02-26,0.3023529205007114,0.5103510351035105,3402.0
2021-03-03,0.29410775551729285,0.531433095803642,3356.0
2021-02-25,0.2503051253793753,0.5007396449704145,3385.000000000001
2021-03-02,0.2739286206065057,0.5000810766985568,3084.0
2021-03-05,0.29205298122622714,0.5039200614911608,3278.0
2021-03-08,0.3072299914005312,0.5302054584483287,3458.0
2021-03-24,0.619307024120334,0.5135042146912094,2985.0
2021-03-01,0.33955086806125423,0.3793158567774937,2373.0
2021-03-09,0.43820981067990994,0.4110505836575875,2641.0
2021-03-10,0.3759631947432147,0.4157621519584709,2643.0
2021-03-11,0.4611430529873557,0.37308429118773945,2337.0
2021-03-12,0.6179070969080735,0.3800995024875622,2292.0
2021-03-15,0.49937931086503373,0.3415160059711395,2059.0
2021-03-16,0.6814823125181633,0.36874891849800995,2130.999999999999
2021-03-17,0.6007859119182677,0.38435910924075056,2192.0
2021-03-23,0.7750455785908259,0.5038086802480071,2844.0
2021-03-25,0.6043985292801739,0.5104982206405693,2869.0
2021-03-18,0.6616283047078535,0.46693386773547085,2796.0
2021-03-19,0.6550368155037543,0.5044877222692634,2979.0
2021-03-22,0.7433819340448613,0.4209493219129192,2359.0
2021-03-26,0.5403144724560276,0.38969145710718744,2185.0
2021-03-29,0.5868002396825676,0.37879050424536453,2185.999999999999
2021-03-30,0.5328113119425364,0.47194479753041585,2599.0
2021-03-31,0.5623114339854531,0.4652377521613831,2582.999999999999
2021-04-01,0.6536034072091481,0.4135802469135801,2210.999999999999
2021-04-05,0.6395053525281231,0.29844687610307097,1690.999999999999
2021-04-06,0.6625681684207043,0.31942471590909105,1799.0
2021-04-13,0.5217324228150819,0.23772340794724967,1370.0
2021-04-14,0.4730900379673115,0.33844797178130515,1919.0
2021-04-15,0.5212380303607327,0.30608570399711943,1700.000000000001
2021-04-16,0.5189951274774094,0.25888594164456236,1464.0
2021-04-19,0.4717716002838641,0.28989169675090243,1605.999999999999
2021-04-20,0.48719708740660783,0.3136323658751101,1783.000000000001
2021-04-22,0.5008296040593481,0.14466828759986106,833.0
2021-04-30,0.45962524149014383,0.2769633507853404,1587.0
2021-05-04,0.48917412147662453,0.3435871575054632,2044.000000000001
2021-05-07,0.4908550732643733,0.245440056667257,1386.0
2021-05-10,0.45206642297025823,0.2683083856430064,1667.0
2021-05-11,0.43881197026122454,0.357009054011864,2287.0
2021-05-12,0.43688329171176177,0.43431708991077556,3164.000000000001
2021-05-13,0.48032499682262064,0.4151440074326418,2681.0
2021-05-17,0.474721960532424,0.38279533547405764,2264.999999999999
2021-05-18,0.4188003146965771,0.45165498124898096,2770.0
2021-06-18,0.35657535727430645,0.5331230283911674,3211.0
2021-06-07,0.3432721652297712,0.45399212316505544,2536.0
2021-06-08,0.32751200762390775,0.45189034223257485,2522.0
2021-06-09,0.3354899769122719,0.45702199661590526,2701.0
2021-06-10,0.34922670474978634,0.44997305550565825,2505.0
2021-06-11,0.43413206396967263,0.4373567608861728,2290.000000000001
2021-06-14,0.42033383799418145,0.38079176282620275,2145.0
2021-06-15,0.40461555033697505,0.3646846846846845,2023.999999999999
2021-06-16,0.37039626948385695,0.328194587187393,1916.000000000001
2021-06-17,0.37565644683777877,0.3625710227272727,2041.999999999999
2021-06-21,0.38390513901534473,0.3672922252010724,2055.0
2021-06-22,0.3824351128374808,0.33037653874004325,1824.999999999999
2021-06-23,0.3744416567555293,0.2485581395348837,1336.0
2021-06-24,0.4187628941076693,0.08248803827751194,431.0
2021-06-25,0.40870094937387647,0.045662972869698004,239.0
2021-06-28,0.4458824860643906,0.1290446841294297,670.0
2021-06-29,0.425705290530231,0.20523520485584212,1082.0
2021-06-30,0.40885909512671725,0.20746887966804972,1100.0
2021-07-08,0.3831942439862901,-0.00515292553191482,-31.0
2021-07-12,0.39673845240479966,-0.12406472942404723,-713.0
2021-07-13,0.4041352013723001,-0.0825099670653493,-476.0
2021-07-14,0.38824029546547556,-0.035235476108628316,-205.0
2021-07-15,0.37090373576123614,-0.021762021762021688,-124.0
2021-07-16,0.36464556080662835,-0.01959470775414507,-117.0
2021-07-19,0.34060561375977816,0.03795354486108993,250.0
2021-07-20,0.3489158651424926,-0.029021558872305175,-175.0
2021-07-29,0.3755332108231417,0.1351916376306619,776.0
2021-08-02,0.3601240066350353,0.22072146269148418,1340.0
2021-08-04,0.3498103613595578,0.2445108027402072,1391.999999999999
2021-08-05,0.3499738267755361,0.23680981595092043,1351.0
2021-08-09,0.3411700966648541,0.25098173126173795,1470.0
2021-08-10,0.33883652609867965,0.2937833649044257,1706.0
2021-10-04,0.30205485608769145,0.5075769171896525,3316.0
2021-08-12,0.33872586336633725,0.33345421577515877,1839.000000000001
2021-09-30,0.29948656823644515,0.5028162581823719,3303.0
2021-10-12,0.2477035101830316,0.5072604065827688,3144.0
2021-08-17,0.3336501112022989,0.2682926829268293,1573.0
2021-08-18,0.3162100793310336,0.30471771075019305,1969.999999999999
2021-08-19,0.3237595481592015,0.3447421403128388,2226.000000000001
2021-10-05,0.2926801009265385,0.5007196545658084,3131.0
2021-09-03,0.3313310533300311,0.01736299511665762,96.0
2021-09-07,0.33749110536872484,-0.041979249800478735,-263.0
2021-09-08,0.3733861809895047,0.04774152065584314,297.0000000000009
2021-09-09,0.3410265529238561,0.016514349847683185,103.0
2021-09-10,0.35396287222037004,0.12637698898408822,826.0
2021-09-13,0.35673699520639723,0.26669870254685235,1665.0
2021-09-14,0.33187317268904204,0.3174911089557064,1964.0
2021-09-15,0.3362467266477618,0.21530019367333764,1334.0
2021-09-16,0.33944390481949926,0.3038637851997381,1856.0
2021-10-13,0.26041829006307915,0.5012497917013832,3008.0
2021-09-17,0.3381658851685019,0.30051976689242377,1908.0
2021-09-20,0.3311787399953252,0.32109959700633284,2231.0
2021-09-21,0.3448890972998673,0.443293033966609,3080.0
2021-09-22,0.34431720939451305,0.3365295391277452,2176.0
2021-09-23,0.3929544832886134,0.2009467841984982,1230.999999999999
2021-09-24,0.39154010285322705,0.12594893029675647,730.0000000000009
2021-09-27,0.36548310702433473,0.2511581733951027,1518.0
2021-09-28,0.31610617212051473,0.4270786006360745,2820.0
2021-09-29,0.32554035770276735,0.4626771653543307,2938.0
2021-10-01,0.3065420364102809,0.5855086220534724,3701.0
2021-10-06,0.31677159340028105,0.5933836518387665,3695.0
2021-10-08,0.29160466982791644,0.5586870026525199,3370.0
2021-10-11,0.27090448180594784,0.5894050270442253,3705.0
2021-11-03,0.40245307481941706,-0.3493434070876057,-1942.0
2021-11-04,0.37825917550193533,-0.3073047858942065,-1708.0
2021-11-05,0.35658374738604026,-0.28543111992071357,-1728.0
2021-11-08,0.3580524102262621,-0.355265306122449,-2176.0
2021-11-09,0.33676642590108385,-0.3442183309670295,-2182.0
2021-11-10,0.3279596730660641,-0.3082330885799094,-1973.000000000001
2021-11-11,0.31859406767593,-0.26884664948453607,-1669.0
2021-11-12,0.34155944363467317,-0.23893659180977544,-1447.0
2021-11-15,0.3236929071593111,-0.352094024168184,-2127.0
2021-11-16,0.3125479194438099,-0.4784346378018318,-2873.0
2021-11-22,0.33441170940301235,-0.5084559974945193,-3247.0
2021-11-26,0.28339290535029193,-0.43268482490272364,-3335.999999999999
2021-11-30,0.27596866846981616,-0.4153969526864474,-3107.999999999999
2021-12-01,0.24814506249083945,-0.3241517465882059,-2589.0
2021-12-02,0.2646014624847237,-0.40348121973563666,-3083.0
2021-12-03,0.25393920043435414,-0.35129993658845904,-2769.999999999999
2021-12-06,0.2579499936484737,-0.43792819950671413,-3196.0
2021-12-07,0.2866142002645291,-0.5815338793745346,-3905.000000000001
2021-12-09,0.28913509345884303,-0.5501285347043702,-3638.0
2021-12-10,0.30169621595596263,-0.6484140233722872,-3884.0
2021-12-13,0.29167982745002985,-0.5765477523596225,-3604.0
2021-12-14,0.28856259804691264,-0.5222551928783383,-3344.0
2021-12-15,0.291239247222995,-0.645693135935397,-3838.0
2021-12-16,0.2778469884403707,-0.5797745673916495,-3652.0
2021-12-17,0.25721636340848564,-0.5163636363636364,-3266.0
2021-12-21,0.27557374110581634,-0.44157101369105245,-3192.9999999999995
2021-12-27,0.310628039439959,-0.6100105852109481,-4034.0
2021-12-29,0.30254885597724535,-0.618437697659709,-3911.0
2022-01-03,0.31261109777455176,-0.618777363385763,-3816.0
2022-01-04,0.3031955753233826,-0.6144751557756831,-3846.0
2022-01-07,0.23879484206879753,-0.4876793512164691,-3127.0
2022-01-12,0.2567437377088242,-0.5478510944240294,-3429.0
2022-01-13,0.24378305812234569,-0.45236668663870583,-3020.000000000001
2022-01-18,0.22164256848568176,-0.36086071532422215,-2482.0
2022-02-01,0.2029556218876145,-0.321395492435937,-2082.0
2022-02-03,0.17184068484141446,-0.26949752300070773,-1904.000000000001
2022-02-04,0.17273492531156687,-0.236384053902302,-1683.999999999999
2022-02-07,0.1605897339794402,-0.23125091014999277,-1588.0
2022-02-08,0.17091835345601547,-0.26791704788045134,-1757.0
2022-02-09,0.18857426995235604,-0.33972894776914875,-2231.0
2022-02-10,0.1653382948862352,-0.2331547786862137,-1654.0
2022-02-15,0.15203332442684592,-0.19313182914715477,-1361.0
2022-02-16,0.15825422337444395,-0.20125427594070688,-1412.0
2022-03-21,0.14684030421154426,-0.29638983806269503,-1995.0
2022-03-22,0.16946427912604167,-0.35035949670461364,-2339.000000000001
2022-03-23,0.16030205317825086,-0.2840513983371127,-1879.000000000001
2022-03-30,0.1725993234894172,-0.47479541734860875,-2900.9999999999995
2022-04-01,0.1292455250237099,-0.3991928703548008,-2374.0000000000005
2022-04-05,0.12389720113772151,-0.34004269594388525,-2230.0
2022-08-16,-0.02496940590152008,-0.22873543224908677,-1315.0
2022-11-30,-0.09155989189720859,-0.34958166606038554,-1922.0
2022-12-01,-0.08203229907688692,-0.32200557103064076,-1734.0
2022-12-02,-0.09692320563741808,-0.30694760820045563,-1617.0
2023-01-11,-0.13656714530114744,0.10442981675858376,587.0
2023-01-12,-0.14124533543841555,0.08687369022670977,456.0
2023-01-13,-0.1402383681565732,0.03092193166634849,162.0
2023-01-17,-0.12982328251954245,0.14212523719165082,749.0
2023-01-20,-0.10945772693694045,0.19658451387541231,1013.0
2023-01-23,-0.08868589225812684,0.09850230414746552,513.0
2023-01-24,-0.07143563242758433,0.05307209435038995,279.0
2023-01-25,-0.07501589865351055,0.09222919937205654,470.0
2023-01-26,-0.05329142873861248,0.008754863813229541,45.0
2023-01-27,-0.04872992973943191,-0.11080550098231834,-564.0
2023-01-30,-0.056003722693730995,-0.07398155265180628,-385.0
2023-01-31,-0.06533666534463689,-0.02436194895591648,-126.0
2023-02-01,-0.07211552286097145,-0.06710084862837973,-340.0
2023-02-02,-0.0649265491266553,-0.15701823949246618,-792.0
2023-02-03,-0.0837657082747365,-0.16602316602316602,-903.0
2023-02-06,-0.06744563928458502,-0.1588256746900073,-871.0
2023-02-07,-0.05967060051104933,-0.2987252909661925,-1617.0
2023-02-08,-0.06695846996585209,-0.10244511868641804,-574.0
2023-02-09,-0.08259551712621704,-0.03894494600814313,-220.0
2023-02-10,-0.09371923666706883,-0.08166163678324168,-460.0
2023-02-13,-0.0663057580448897,-0.12838550826591622,-730.0
2023-02-14,-0.04796253389868255,-0.1472014925373134,-789.0
2023-02-15,-0.04173828910250632,-0.19195849546044097,-1036.0
2023-02-16,-0.06993125538564571,-0.05180139810001794,-289.0
2023-02-17,-0.07329360475217261,-0.0794251134644478,-420.0
2023-02-21,-0.0720621879443537,0.1338528138528139,773.0
2023-02-22,-0.06730149701203858,0.23613138686131374,1293.999999999999
2023-02-23,-0.05216838605583529,0.1922437673130195,1041.0
2023-02-24,-0.04535950206117345,0.2754292043566551,1492.0
2023-02-27,-0.05630995048035714,0.16715758468335795,908.0
2023-02-28,-0.08009455759500905,0.16534339023421984,833.0
2023-03-01,-0.0812725445911675,0.24487358152498517,1230.0
2023-03-02,-0.059807868041766854,0.314394699859466,1566.0
2023-03-03,-0.06198519699967342,0.17603458925262494,855.0
2023-03-07,-0.06349068302301375,0.3013907410935417,1582.0
2023-03-08,-0.033469750061631776,0.38405253283302065,2047.0
2023-03-09,-0.04405428383130505,0.5063975491079473,2810.0
2023-03-14,-0.05233608812972712,0.4994973190348524,2981.0
2023-03-16,-0.05545622902033431,0.5153429602888087,2855.0
2023-03-17,-0.08675126723476678,0.5396226415094338,3289.0
2023-03-20,-0.0893627457757119,0.5089118995077238,2998.0
2023-05-04,-0.010533856330073421,0.5049405122000401,2504.0
2023-04-25,-0.030701367326083084,0.5013302926643863,2638.0
2023-04-26,-0.04037030443190237,0.5749601275917067,2884.0
2023-05-03,0.00109256662056878,0.527400082406263,2560.0
2023-05-02,0.014079258053428578,0.5082950229862082,2542.999999999999
2023-05-12,0.06572478031277518,0.5058823529411764,2537.0
2023-05-16,0.03853598978411332,0.512595196250732,2624.999999999999
2023-05-05,-0.021999395520917897,0.511319281811085,2620.0
2023-05-08,0.014312946099152013,0.5110243902439024,2619.0
2023-05-09,0.015928980872994103,0.529109589041096,2781.0
2023-05-10,0.05443598741580358,0.5089633671083398,2612.0
2023-05-11,0.05017053121070503,0.5481807277089163,2742.0
2023-05-15,0.07051887306735649,0.5399798590130915,2680.999999999999
2023-05-17,0.05542493403363058,0.5055566781167913,2502.000000000001
2023-05-24,0.053247078524304436,0.5495238095238095,2884.999999999999
2023-05-25,0.07054055071410326,0.5022988505747126,2622.0
2023-05-18,0.044114402524536356,0.5036314588088815,2426.999999999999
2023-05-19,0.08638928148735459,0.5068853786958281,2503.0
2023-05-23,0.08078346456920404,0.551132075471698,2921.0
2023-05-31,0.023285270666758118,0.5399387129724207,2643.0
2023-05-22,0.09352778446004639,0.5057057057057055,2525.999999999999
2023-06-01,0.03883636705778559,0.5147890387124838,2367.000000000001
2023-05-26,0.07490810675884552,0.5429594272076372,2730.0
2023-05-30,0.05425223199229956,0.5619085967384738,2791.0
2023-06-02,0.06245277794834814,0.500336398295582,2231.000000000001
2023-06-05,0.04060022045738165,0.5059337913803872,2430.0
2023-06-06,0.06026667694510657,0.2780407491253343,1351.0
2023-06-14,0.18556493688273878,0.05608871827681816,263.0
2023-06-23,0.17600414134636866,0.02647797306551003,116.0
2023-07-03,0.19559160061370795,-0.5439510647938378,-2401.0
2023-07-07,0.1629782765932415,-0.3677643689916138,-1798.0
2023-07-10,0.14871729095221187,-0.47271978587605523,-2296.0
2023-07-11,0.15698472060054725,-0.47697031729785055,-2330.0
2023-07-12,0.17977070809881113,-0.5714912280701755,-2606.0
2023-07-13,0.19975102556478386,-0.5343845816907578,-2440.0
2023-07-14,0.20533392236767467,-0.4907407407407407,-2226.0
2023-07-17,0.2124637800041047,-0.4776972094045264,-2174.0
2023-07-18,0.19857398702073414,-0.4967277486910995,-2277.0
2023-07-19,0.2112404343806329,-0.5793702497285559,-2668.0
2023-07-20,0.17155019089388102,-0.5560747663551402,-2618.0
2023-07-21,0.16413111117222212,-0.48681055155875297,-2233.0
2023-07-24,0.1575440149582279,-0.5300677891974634,-2424.0
2023-07-25,0.17157413960119072,-0.6333190210390726,-2950.0
2023-07-26,0.17033237882522068,-0.7032467532467532,-3249.0
2023-07-27,0.17649233720587088,-0.7253610875106202,-3415.0
2023-07-28,0.15794314014055666,-0.8110987791342952,-3654.0
2023-07-31,0.14577702973129858,-0.8030707610146862,-3609.0
2023-08-01,0.126081218338032,-0.846749226006192,-3829.0
2023-08-02,0.11371449309088977,-0.8088659793814433,-3923.0
2023-08-03,0.11789779884011353,-0.8378270421410026,-4195.0
2023-08-04,0.095684492476519,-0.7047708138447147,-3767.0
2023-08-07,0.10599488428005177,-0.7573884489086343,-3921.0
2023-08-09,0.09694913093573798,-0.6971209213051823,-3632.0
2023-08-10,0.1017179037938063,-0.701226751088247,-3544.0
2023-08-11,0.07842422152721507,-0.7080218225904223,-3504.0
2023-08-14,0.0843771085413112,-0.7324000811523635,-3610.0
2023-08-15,0.053903647597323356,-0.6437487996927214,-3352.0
2023-08-16,0.0418766242693005,-0.6060080878105141,-3147.0
2023-08-17,0.031916554609655146,-0.5590459569517161,-2883.0
2023-08-18,0.03979371874385684,-0.5562926829268293,-2851.0
2023-08-21,0.0435257919711578,-0.5953322784810127,-3010.0
2023-08-22,0.05487480987259086,-0.5799168152109329,-2928.0
2023-08-23,0.08930597387496908,-0.6691130215978193,-3191.0
2023-08-24,0.07681417630903664,-0.5602481985588471,-2799.0
2023-08-25,0.08094515153633486,-0.6230443974630021,-2947.0
2023-09-26,0.17566071204911848,-0.3434650455927051,-1808.0
2023-09-28,0.19782567425680164,-0.36134627297129873,-1750.0
2023-09-29,0.17186052877116986,-0.35816559452168495,-1726.0
2023-10-06,0.1570233416024116,-0.34713927952225,-1802.0
2023-10-09,0.1765680359697912,-0.37147626112759646,-2003.0
2023-10-10,0.21662839332674233,-0.41097227645450995,-2105.0
2023-10-11,0.23101166610960222,-0.45017393083691426,-2200.0
2023-10-12,0.23130446938231874,-0.3998408593594589,-2010.0
2023-10-13,0.2292260219544946,-0.35802235271831784,-1890.0
2023-10-16,0.21022009599733393,-0.4240168003054601,-2221.0
2023-10-17,0.23838579599787857,-0.41621517027863775,-2151.0
2023-10-18,0.1912718592162661,-0.3553357428190983,-1868.0
2023-10-19,0.16709213114996402,-0.26822004204625083,-1531.0
2023-10-20,0.1609779136318117,-0.196274819891056,-1117.0
2023-10-23,0.16876661543605698,-0.1918727915194346,-1086.0
2023-10-24,0.1496401388063422,-0.2609035791120673,-1334.0
2023-11-01,0.11160661641200753,0.555390176483096,2612.000000000001
2023-11-02,0.13788905981512256,0.5125975473801561,2299.0
2023-11-09,0.15358550524286452,0.508888888888889,2290.000000000001
2023-11-03,0.17782959955623467,0.5735011734585023,2688.0
2023-11-06,0.1928216708946069,0.5755180516983549,2694.0
2023-11-07,0.17924365371164042,0.542487815215088,2560.000000000001
2023-11-08,0.16892563753846357,0.5595832428912524,2577.999999999999
2023-11-10,0.1962317354087435,0.5087642418930762,2322.0
2023-11-13,0.13283737670105467,0.5109925293489863,2394.000000000001
2023-11-15,0.1560006208787177,0.5006717420510525,2236.0
2023-11-14,0.14374542773949672,0.501094570928196,2288.999999999999
2023-11-17,0.15788708357229275,0.5075669383003492,2180.0
2023-11-16,0.14762643064284475,0.5695757309298748,2591.000000000001
2023-11-20,0.17038106743277792,0.5212346252030631,2246.0
2023-11-21,0.16255204581046034,0.5534796823914059,2370.0
2023-11-22,0.17129947170584803,0.5017709563164108,2125.0
2023-11-24,0.15645788776520053,0.5044439106413643,2100.0
2023-11-27,0.14714595311300682,0.5255456944111299,2191.0
2023-11-28,0.14853895692098895,0.5024805102763998,2127.0
2023-11-29,0.16634227947061242,0.5347490347490349,2216.0
2023-11-30,0.1729492154954071,0.51308773630635,2117.0
2023-12-04,0.13868949949750653,0.5011425959780622,2193.0
2023-12-06,0.15598230959109505,0.5140708915145007,2393.0
2023-12-01,0.14385629398715838,0.5358840304182508,2255.0
2023-12-05,0.1397802072740777,0.5539617486338797,2433.0
2023-12-07,0.18183884691554275,0.5156562291805462,2322.0
2023-12-08,0.1889422450194238,0.5185343904006856,2420.0
2023-12-11,0.18428919613802663,0.5122453650720988,2237.999999999999
2023-12-12,0.19865245869440606,0.5127528583992964,2332.0
2024-01-04,0.24568555839915684,0.5061176470588236,2151.000000000001
2024-01-03,0.24444988836187487,0.5239283284191425,2310.0
2023-12-20,0.25092615790728123,0.5321803852889666,2430.999999999999
2024-01-02,0.2513914901780354,0.511600928074246,2205.000000000001
2024-01-17,0.2031823938483055,0.5084640792733277,2462.999999999999
2023-12-21,0.2610614762417123,0.5696400625978091,2547.999999999999
2023-12-27,0.2633578096478755,0.5187078782244943,2231.999999999999
2023-12-28,0.26883859579056146,0.5268691588785046,2254.999999999999
2024-01-11,0.23813288348371398,0.5761020881670535,2483.000000000001
2024-01-16,0.2146016140289535,0.5673636559603361,2631.999999999999
2024-01-18,0.21610979933684815,0.5365595942519017,2538.999999999999
2024-01-19,0.251021048305454,0.5304659498207884,2367.999999999999
2024-01-22,0.26285986610814804,0.5208850756378416,2307.0
2024-01-31,0.22374272096187053,0.5287536361602148,2362.999999999999
2024-01-23,0.2433799245885353,0.524982570299791,2259.0
2024-01-24,0.22998118522987854,0.5133318395697961,2291.000000000001
2024-01-25,0.23799945072894224,0.5077510671759156,2260.0
2024-01-26,0.2359635260113362,0.5248655913978493,2342.999999999999
2024-01-29,0.2322088659159689,0.5520504731861198,2450.0
2024-01-30,0.228433620213097,0.5747599451303154,2514.0
2024-02-01,0.2217949468938838,0.5515881708652792,2518.0
2024-02-02,0.22167341953636588,0.5195834276658367,2295.0
2024-02-05,0.19976034514199603,0.5092838196286473,2496.0
2024-02-06,0.21617032533682856,0.5092337083421778,2398.999999999999
2024-02-07,0.23385427475393583,0.11092401599663226,527.0
2024-02-08,0.21846328679295945,0.19588512644663525,914.0
2024-02-09,0.2390540828885439,0.15869336143308743,753.0
2024-02-12,0.2493410382409551,0.15625,760.0
2024-02-13,0.22926517026011406,0.3290532771176695,1716.999999999999
2024-02-14,0.22604372042075038,0.24710273030838747,1258.0
2024-02-15,0.23507148450465087,0.19656371446103504,961.0
2024-02-16,0.22494292495695878,0.31746031746031744,1520.0
2024-02-20,0.23520643791785067,0.4776239213325306,2380.0
2024-02-21,0.23942193812885493,0.44911996763099316,2220.0
2024-02-22,0.2909703192278761,0.2640684032610858,1328.0
2024-02-23,0.29364329179647775,0.28049562059389,1313.0
2024-02-26,0.2820856040821895,0.3608809419973833,1655.0
2024-02-27,0.2983365225068402,0.30187445510026145,1385.0
2024-02-28,0.29221954510677883,0.2590374805943667,1168.0
2024-02-29,0.3016761110333528,0.2695917921851123,1235.0
2024-03-01,0.3189557378738124,0.1841359773371105,845.0
2024-03-04,0.3073735596661431,0.1057035895177274,480.0
2024-03-05,0.27387725713206734,0.10912863070539425,526.0
2024-03-06,0.27944591872544255,0.17808219178082196,858.0
2024-03-07,0.3122615186093205,0.06063072227873856,298.0
2024-03-08,0.30225973098675585,0.12581511315688543,656.0
2024-03-11,0.32559712467853186,0.2571819425444595,1316.0
2024-04-30,0.22436290202759057,0.529192546583851,2556.0
2024-03-12,0.3594734313506114,0.15908631493834657,787.0
2024-03-13,0.35927982004151304,0.1523924406915962,758.0
2024-03-14,0.3345329440312155,0.21073324159622575,1072.0
2024-03-15,0.3337107103915158,0.3121295930462269,1580.0
2024-03-18,0.31850360748730044,0.3389275480966025,1656.0
2024-03-19,0.3415167757433697,0.32389604901753644,1533.0
2024-03-20,0.34103023162022184,0.21383382539013085,1014.0
2024-03-21,0.32802417863495936,0.2792508417508417,1327.0
2024-03-22,0.3484934152856227,0.3422790202342918,1607.0
2024-03-25,0.34114236875710136,0.3356208449496032,1565.0
2024-03-26,0.3299378800185788,0.34727854855923157,1627.0
2024-04-02,0.30382288481990205,0.3797836938435941,1826.0
2024-04-04,0.2665768905999255,0.45090099210366463,2227.0
2024-04-10,0.2733211483323632,0.5284230406043438,2798.000000000001
2024-05-16,0.30736347294467214,0.5768645357686453,2653.0
2024-05-21,0.2876942910450693,0.549073438572409,2399.999999999999
2024-06-07,0.270057698242153,0.5592927986200946,2593.999999999999
2024-06-10,0.2663223581016907,0.5193277310924367,2471.999999999999
2024-06-17,0.2540048441707887,0.02860061287027582,140.0
2024-06-20,0.2646220702506312,0.10670482420277994,522.0
2024-06-21,0.26943116252312005,0.12525709584533118,609.0
2024-06-25,0.27524968491172297,0.2758333333333334,1324.0
2024-08-07,0.16685835075804767,0.5149235013794833,4106.000000000001
2024-07-01,0.26216677038952496,0.3440784863349684,1473.0
2024-07-03,0.2599957924784482,0.22344827586206883,972.0
2024-08-09,0.21243996308628876,0.5028328611898016,3195.0
2024-07-09,0.28513163849727574,0.08757836990595602,447.0
2024-07-10,0.29457179448772797,-0.041474654377880116,-216.0
2024-07-12,0.27308817128671814,-0.0046996322026970905,-23.0
2024-07-15,0.266537187522341,0.04819516065053553,243.0
2024-07-16,0.27484162994304806,0.04676971858898127,236.0
2024-08-06,0.18496339882537183,0.5284718885151372,4399.0
2024-08-12,0.2126417235442848,0.5405235930396612,3448.0
2024-08-02,0.2004396062863698,0.5309402222889759,3535.0
2024-08-08,0.19904702488429238,0.5117654791639281,3893.000000000001
2024-07-19,0.22291059754271214,0.430161767263872,2473.0
2024-08-01,0.2061981484687414,0.5765472312703583,3186.0
2024-08-05,0.16882806352371915,0.5300377959021285,5329.000000000002
2024-08-13,0.23330329797815685,0.5551942773532759,3415.0
2024-08-14,0.23040251373229492,0.5419212491513916,3193.0
2024-09-06,0.2279107058409895,0.5332949805839207,3708.0
2024-07-22,0.24377047349132996,0.26959597840253213,1448.0
2024-08-15,0.2662422990525293,0.506727307182111,2674.000000000001
2024-09-10,0.24902618280350142,0.52528,3283.0
2024-08-16,0.27846291521132205,0.5563354266715923,3012.0
2024-09-03,0.2430381270163562,0.5418646567262002,3307.0
2024-09-04,0.23818421649550192,0.5595275590551181,3553.0
2024-09-05,0.2405340547058601,0.5704091341579447,3597.0
2024-08-19,0.30059702686888135,0.5210978342046302,2791.0
2024-08-22,0.2872305516160125,0.5049455984174087,3063.0
2024-08-28,0.2785915752163115,0.5059274755927474,2902.0
2024-09-12,0.2711277514160011,0.5180702057755491,2996.0
2024-09-23,0.3384021894360627,0.40059182541150373,2166.0
2024-10-03,0.3650665337399486,0.11696284329563822,724.0
2024-10-04,0.36751335813039265,0.02310821806346608,142.0
2024-11-19,0.3271862400022958,0.14134567697140032,855.0000000000009
2024-11-20,0.3174944971240583,0.10089020771513368,612.0
2024-11-22,0.3264535037378107,-0.1856555177964585,-1038.0
2024-12-05,0.34661301869809713,-0.7309724124437488,-3736.0
2024-12-11,0.3326574517137928,-0.9125194401244168,-4694.0
2024-12-16,0.3029286340442747,-0.9116954474097332,-4646.0
2025-01-14,0.2378669413780059,-0.45623260129910304,-2950.0000000000005
2025-01-23,0.2774255854727654,-0.7353210170111579,-4020.0
2025-01-27,0.25066075866640136,-0.6041845309552393,-3523.0
2025-01-28,0.2545835180649765,-0.6848005881271826,-3726.0
2025-01-29,0.25054792256506797,-0.6460396039603961,-3654.0
2025-01-30,0.24738154915075672,-0.6844526218951242,-3720.0
2025-02-05,0.23792951801573725,-0.5978861788617886,-3677.0
2025-02-13,0.2326863057292039,-0.6651351828945044,-3764.0
2025-02-14,0.24983978855443745,-0.6646611219253229,-3756.0
2025-02-20,0.23763193454584064,-0.6525485881921526,-3559.0
2025-03-07,0.1500995262215199,-0.21848628691983119,-1657.0
2025-03-25,0.11601706620931984,-0.28516271373414226,-1550.9999999999995
2025-05-23,0.10373529189507091,0.5022811519817509,3523.0
2025-05-27,0.12993578449347565,0.502895752895753,3126.0
2025-06-20,0.10331378528387214,0.5183396226415096,3434.0
2025-06-06,0.14832899484809792,0.5167401600522621,3164.0
2025-06-09,0.1358640862359759,0.5227086407607804,3188.0
2025-06-11,0.14045399966093286,0.5077028414926394,2966.0
2025-06-18,0.11471301557332736,0.509720176730486,3460.999999999999
2025-06-17,0.11555912386609712,0.5002923121894183,3423.0
2025-06-10,0.14232557054728234,0.5306364251861884,3135.0
2025-06-13,0.125986114449542,0.5283595113438044,3632.999999999999
2025-06-23,0.111388064357129,0.5281385281385282,3294.0
2025-06-12,0.14145972279807406,0.4978988326848248,3199.0
2025-06-16,0.1274394020748264,0.5113065326633166,3256.0
2025-06-25,0.12887127801568132,0.5029229711141678,2925.0
2025-06-24,0.12672668708838253,0.5804028678729942,3400.0
2025-06-26,0.1414138441477868,0.542590866728798,2911.0
2025-06-27,0.14268429137925787,0.5337765001796624,2971.0
2025-06-30,0.14671672281691617,0.5024271844660193,2691.0
2025-07-01,0.14454110318056235,0.5238360230012986,2824.0
2025-07-02,0.1542718817584845,0.5178762960314622,2897.0
2025-08-01,0.16137179938646007,0.5133740028155795,3282.0
2025-07-07,0.14462512080215006,0.4491590803888288,2911.0
2025-07-15,0.13191653513108492,0.5249959023110966,3203.0
2025-08-05,0.17086492365102535,0.5128545364073642,3092.0
2025-07-17,0.13237438530071977,0.5089095962072911,3113.0
2025-07-18,0.12487458309434585,0.5133628463682569,3131.0
2025-08-08,0.23549966273787337,0.5760563380281689,3272.0
2025-08-11,0.24135358459783918,0.5973586183542161,3528.0
2025-08-15,0.20185646772823373,0.5152924342693614,2881.0
2025-08-18,0.19781575661287976,0.5267615786628221,2923.0
2025-08-20,0.16551692202781565,0.6167599783276143,3415.0
2025-08-21,0.14984694943945143,0.5982272360999195,3712.0
2025-09-02,0.16110441152127586,0.5096815490478477,3185.0
2025-09-03,0.16729287676597093,0.5616589861751151,3047.0
2025-09-04,0.16591836930456694,0.5042482452899888,2730.0
2025-09-05,0.1869683346551383,0.5192064923354371,2879.0
2025-09-08,0.19232456095822692,0.5094069163232393,2843.0
2025-09-09,0.19799493673863378,0.3235498436957276,1862.999999999999
2025-09-10,0.2220249194920132,0.3154597383453104,1712.0
2025-09-11,0.21853724551355902,0.24898785425101222,1353.0
2025-09-12,0.2128467592392309,0.19744058500914075,1080.0
2025-09-16,0.19519282673517835,0.2059064807219031,1255.0
2025-09-17,0.1875057504109332,0.25757304176375695,1437.0
2025-09-23,0.17925670174460873,-0.11273383656055136,-687.0
2025-09-25,0.16918619094045861,0.11799900282532816,710.0
2025-10-01,0.18392351413770003,0.11517367458866534,630.0
2025-10-06,0.19497802120481578,-0.08575999999999995,-536.0
2025-10-07,0.19272805084229772,-0.023223623500461366,-151.0
2025-10-08,0.18903503701871793,-0.030153084892531323,-195.0
2025-10-09,0.19640659689011852,0.06354166666666661,427.0
2025-10-10,0.1531642416928305,0.23399169706881384,1860.000000000001
2025-10-13,0.16280431946763185,0.14575779550398837,1005.0
2025-10-14,0.16341965910695522,0.20839663029968247,1509.0
2025-10-15,0.16162877203342818,0.18191503529098418,1366.0
2025-10-16,0.1443589194370689,0.203823911247492,1727.0
2025-10-17,0.15986656928883614,0.12022441891530855,900.0
2025-10-20,0.1668579122578564,0.0712565519195354,503.0
2025-10-21,0.16674027500187516,0.07077625570776247,464.9999999999991
2025-10-22,0.15622706014352095,-0.09226674552713288,-624.0
2025-10-23,0.16499646212831776,-0.008944840152393607,-54.0
2025-10-28,0.20056089369889896,-0.1688460281137626,-1033.0
2025-10-30,0.18467537997980443,-0.026514567596731986,-172.0
